범죄대분류,범죄중분류,서울 종로구,서울 중구,서울 용산구,서울 성동구,서울 광진구,서울 동대문구,서울 중랑구,서울 성북구,서울 강북구,서울 도봉구,서울 노원구,서울 은평구,서울 서대문구,서울 마포구,서울 양천구,서울 강서구,서울 구로구,서울 금천구,서울 영등포구,서울 동작구,서울 관악구,서울 서초구,서울 강남구,서울 송파구,서울 강동구,부산 중구,부산 서구,부산 동구,부산 영도구,부산 부산진구,부산 동래구,부산 남구,부산 북구,부산 강서구,부산 해운대구,부산 사하구,부산 금정구,부산 연제구,부산 수영구,부산 사상구,부산 기장군,대구 중구,대구 동구,대구 서구,대구 남구,대구 북구,대구 수성구,대구 달서구,대구 달성군,대구 군위군,인천 중구,인천 동구,인천 미추홀구,인천 연수구,인천 남동구,인천 부평구,인천 계양구,인천 서구,인천 강화군,인천 옹진군,광주 동구,광주 서구,광주 남구,광주 북구,광주 광산구,대전 동구,대전 중구,대전 서구,대전 유성구,대전 대덕구,울산 중구,울산 남구,울산 동구,울산 북구,울산 울주군,세종특별자치시 세종시,경기도 고양시,경기도 과천시,경기도 광명시,경기도 광주시,경기도 구리시,경기도 군포시,경기도 김포시,경기도 남양주시,경기도 동두천시,경기도 부천시,경기도 성남시,경기도 수원시,경기도 시흥시,경기도 안산시,경기도 안성시,경기도 안양시,경기도 양주시,경기도 여주시,경기도 오산시,경기도 용인시,경기도 의왕시,경기도 의정부시,경기도 이천시,경기도 파주시,경기도 평택시,경기도 포천시,경기도 하남시,경기도 화성시,경기도 연천군,경기도 가평군,경기도 양평군,강원도 강릉시,강원도 동해시,강원도 삼척시,강원도 속초시,강원도 원주시,강원도 춘천시,강원도 태백시,강원도 홍천군,강원도 횡성군,강원도 영월군,강원도 평창군,강원도 정선군,강원도 철원군,강원도 화천군,강원도 양구군,강원도 인제군,강원도 고성군,강원도 양양군,충북 제천시,충북 청주시,충북 충주시,충북 보은군,충북 옥천군,충북 영동군,충북 증평군,충북 진천군,충북 괴산군,충북 음성군,충북 단양군,충남 계룡시,충남 공주시,충남 논산시,충남 당진시,충남 보령시,충남 서산시,충남 아산시,충남 천안시,충남 금산군,충남 부여군,충남 서천군,충남 청양군,충남 예산군,충남 태안군,충남 홍성군,전북 군산시,전북 김제시,전북 남원시,전북 익산시,전북 전주시,전북 정읍시,전북 완주군,전북 고창군,전북 부안군,전북 임실군,전북 순창군,전북 진안군,전북 무주군,전북 장수군,전남 광양시,전남 나주시,전남 목포시,전남 순천시,전남 여수시,전남 담양군,전남 곡성군,전남 구례군,전남 고흥군,전남 보성군,전남 화순군,전남 장흥군,전남 강진군,전남 해남군,전남 영암군,전남 무안군,전남 함평군,전남 영광군,전남 장성군,전남 완도군,전남 진도군,전남 신안군,경북 경산시,경북 경주시,경북 구미시,경북 김천시,경북 문경시,경북 상주시,경북 안동시,경북 영주시,경북 영천시,경북 포항시,경북 의성군,경북 청송군,경북 영양군,경북 영덕군,경북 청도군,경북 고령군,경북 성주군,경북 칠곡군,경북 예천군,경북 봉화군,경북 울진군,경북 울릉군,경남 거제시,경남 김해시,경남 밀양시,경남 사천시,경남 양산시,경남 진주시,경남 창원시,경남 통영시,경남 함안군,경남 거창군,경남 창녕군,경남 고성군,경남 하동군,경남 합천군,경남 남해군,경남 함양군,경남 산청군,경남 의령군,제주 서귀포시,제주 제주시
강력범죄,살인기수,2,0,1,1,0,2,4,1,2,2,3,2,0,2,3,0,0,1,6,0,3,1,2,2,1,0,1,1,1,2,1,0,0,2,0,0,2,1,2,3,0,0,2,0,2,2,2,3,0,0,2,0,4,2,7,1,2,4,0,0,1,2,1,4,4,2,2,1,1,0,2,4,0,2,1,0,6,0,1,2,0,1,1,1,0,3,5,7,1,5,2,4,0,0,0,2,2,2,2,3,3,3,1,3,0,0,1,3,1,0,0,1,1,1,1,0,1,0,0,1,0,1,1,0,0,0,3,3,0,0,0,0,0,0,1,0,0,0,0,2,0,5,3,2,0,1,2,0,0,1,1,3,0,0,2,3,1,0,0,0,0,0,1,0,0,0,0,3,2,4,0,0,0,2,0,0,0,0,1,2,1,0,2,0,0,0,0,1,3,1,0,0,1,0,2,1,1,1,0,0,0,0,1,0,1,0,0,0,0,4,3,0,0,3,3,3,1,1,0,0,0,0,0,0,0,0,0,4,1
강력범죄,살인미수등,1,3,2,1,2,3,2,0,5,5,4,5,5,1,2,1,12,3,6,3,14,6,12,6,3,2,2,3,4,3,0,1,6,0,3,2,2,1,1,3,3,1,2,1,2,2,2,2,0,0,0,0,3,3,6,3,1,1,2,0,3,0,2,6,1,3,4,1,3,4,2,4,3,0,2,3,7,0,3,1,0,2,3,6,1,3,2,9,3,7,4,2,1,2,3,11,1,1,5,9,3,1,1,12,0,2,2,1,0,1,2,2,3,2,0,2,0,0,1,0,0,0,0,1,0,1,7,3,1,1,0,0,1,0,3,0,0,1,2,2,2,1,6,7,0,0,1,0,2,2,0,2,1,2,1,9,3,1,0,1,0,0,0,0,0,1,1,1,3,1,0,0,0,1,1,1,2,0,0,1,0,1,3,0,0,1,2,0,4,3,3,1,0,1,5,1,6,0,1,0,0,0,2,0,3,0,0,1,0,1,3,1,0,0,5,16,1,0,0,1,2,2,0,0,0,1,0,3,2
강력범죄,강도,5,6,3,2,5,4,2,1,1,4,3,3,0,4,2,6,7,5,9,3,10,9,19,9,5,2,2,4,1,6,0,1,0,0,4,0,0,2,1,3,1,1,3,1,5,3,5,5,1,0,1,2,11,5,13,17,7,3,1,0,2,7,3,6,3,8,1,6,2,3,1,2,2,1,2,0,13,0,1,0,0,2,9,5,0,6,10,16,7,6,2,3,2,1,2,5,0,3,2,3,6,3,1,12,1,0,2,0,0,1,1,3,3,0,0,0,0,0,0,1,0,1,0,0,0,1,13,0,0,1,0,0,0,0,0,0,0,2,1,1,1,7,9,7,0,0,0,0,0,1,0,2,0,0,4,5,0,0,1,1,0,0,0,0,0,0,0,3,3,2,0,0,0,0,0,1,0,0,0,0,0,0,0,0,2,0,0,3,3,8,2,0,0,1,0,1,5,1,1,0,0,0,0,0,1,0,1,1,0,2,0,2,1,2,4,6,11,1,3,1,0,2,1,1,0,0,1,2,14
강력범죄,강간,25,30,45,22,42,36,40,25,21,10,41,30,46,88,32,77,34,25,51,18,78,55,181,64,34,12,4,10,7,89,24,24,17,8,37,28,13,16,26,13,20,26,33,15,22,36,33,63,7,1,26,1,67,33,57,66,31,44,8,3,18,53,16,44,30,38,37,52,40,18,15,51,15,4,17,27,70,3,16,29,18,14,31,40,14,78,77,118,55,83,15,38,16,5,19,61,3,67,23,53,66,11,17,64,5,9,10,26,6,7,11,36,29,4,1,6,2,7,4,0,2,2,1,3,9,7,83,15,1,3,6,1,7,3,8,4,2,7,8,18,6,17,31,82,5,4,7,2,2,3,7,24,6,4,27,72,11,10,1,7,1,1,0,0,1,11,15,28,37,20,3,0,3,6,1,6,5,3,7,6,7,3,0,3,6,1,1,24,24,45,12,2,4,19,5,8,52,4,2,0,4,4,1,2,6,0,3,4,0,15,53,9,6,25,30,85,22,2,2,4,2,2,1,2,1,0,0,31,81
강력범죄,유사강간,10,4,4,6,9,5,9,7,9,4,2,7,12,12,5,12,7,5,12,2,20,9,38,7,6,3,0,3,2,13,4,6,5,3,9,3,2,4,4,3,2,5,7,3,0,4,2,8,5,0,4,1,15,5,4,12,2,9,0,0,2,10,1,7,11,6,4,17,8,4,0,18,3,4,1,2,14,1,5,3,4,3,5,5,3,19,9,17,7,22,2,13,5,0,4,9,0,7,3,9,10,4,2,5,0,1,1,3,2,4,1,4,3,0,2,1,0,1,1,1,0,0,0,0,1,1,9,4,0,1,2,1,2,1,1,0,1,2,0,1,2,1,6,15,2,0,0,0,0,1,2,7,3,0,4,9,1,4,0,1,0,0,0,1,0,2,5,5,3,7,2,1,0,0,0,2,1,0,1,3,0,1,1,0,1,1,0,4,3,6,2,3,2,0,0,1,14,0,1,0,0,1,0,0,2,0,0,0,0,6,7,1,0,4,4,15,5,0,0,1,0,0,0,0,0,0,1,2,10
강력범죄,강제추행,204,182,195,92,188,107,118,105,108,74,110,112,97,354,74,203,150,93,245,176,220,340,464,233,99,26,25,40,31,241,77,77,71,44,95,70,63,62,73,56,33,182,111,55,38,99,83,134,43,2,56,13,172,82,167,202,80,177,13,6,45,145,44,125,105,58,84,178,91,35,45,140,48,39,53,82,219,13,61,79,46,59,128,137,39,289,237,426,134,221,47,161,57,32,69,206,28,151,50,133,183,41,70,222,7,34,27,68,29,14,16,106,89,6,21,9,10,20,19,9,9,13,6,7,21,41,219,78,4,15,8,9,31,2,36,8,7,28,30,57,31,47,69,237,14,15,16,13,17,21,34,61,21,18,65,210,18,17,9,8,4,3,7,6,6,31,15,85,93,68,7,8,5,6,5,14,6,12,9,21,17,8,13,7,11,9,2,68,76,108,22,11,17,38,14,21,132,7,8,1,6,12,5,8,17,3,4,3,2,85,119,14,27,69,79,221,44,14,16,15,11,4,7,9,7,7,4,70,217
강력범죄,기타 강간 강제추행등,0,0,0,0,0,1,0,2,1,0,1,1,1,1,0,2,0,2,0,0,3,2,2,1,0,0,0,1,0,3,0,1,0,1,3,0,0,0,0,3,0,0,1,1,2,3,1,2,0,0,2,0,0,2,4,2,1,1,0,0,1,1,1,3,2,0,1,0,0,0,1,3,0,0,1,0,1,0,3,0,0,1,0,3,0,3,3,2,1,3,0,0,1,0,1,4,1,4,2,5,2,1,1,4,0,0,0,0,0,0,0,1,2,1,1,0,0,0,0,0,0,0,1,0,0,0,6,0,1,0,0,0,0,0,0,0,0,1,1,0,1,0,2,1,0,1,0,1,0,0,2,0,0,0,0,2,0,0,0,0,0,0,0,0,0,1,0,0,1,2,0,0,0,2,0,0,0,0,0,1,1,0,0,0,0,0,0,1,1,3,1,1,0,0,0,0,1,0,0,0,0,0,0,0,0,0,0,0,0,2,2,0,0,0,2,4,0,0,0,0,0,1,1,1,0,0,0,2,6
강력범죄,방화,4,13,16,4,5,11,4,7,4,9,14,10,4,9,5,14,11,6,9,9,13,10,12,11,7,3,2,2,4,9,5,2,3,3,5,2,2,4,2,4,3,6,16,3,2,4,7,11,3,0,6,2,10,7,6,22,11,13,0,0,6,11,6,16,2,7,4,6,5,1,5,7,1,0,4,4,12,1,2,14,7,2,5,23,3,28,21,24,18,32,4,6,8,3,8,19,1,15,4,14,9,1,0,16,1,2,2,3,0,0,0,7,6,3,2,1,0,2,1,1,1,0,1,0,2,4,31,6,1,2,3,0,3,2,2,0,0,2,1,4,5,7,9,16,2,0,1,1,4,3,0,11,2,2,3,17,1,0,2,3,0,4,0,0,0,2,8,10,6,7,0,0,1,3,1,0,1,1,3,2,2,3,2,2,0,1,1,5,8,11,3,0,3,3,6,2,11,3,0,1,0,4,1,2,1,2,1,3,1,4,12,1,1,10,9,24,4,3,2,4,1,0,2,0,1,2,0,8,9
절도범죄,절도범죄,1173,1523,971,891,1619,1278,1400,982,917,997,1629,1612,1190,1479,1411,1790,1627,980,1856,1191,2005,1941,2480,2419,1676,656,714,555,468,2592,1330,684,1011,476,1534,940,880,930,667,951,661,1236,1505,866,656,1638,1138,2064,715,16,677,179,1644,1241,1402,2207,735,1297,173,25,667,1171,708,1747,1714,1161,1059,1954,1254,542,589,1021,478,561,615,1280,2786,271,968,1012,538,944,1845,1607,380,3682,3463,4959,1971,2658,742,1719,524,281,990,2879,237,1477,679,1241,2941,354,943,2838,111,157,274,753,244,189,338,977,696,89,153,95,54,88,229,103,58,62,30,106,104,367,3374,638,65,102,85,56,244,48,354,39,66,276,332,445,274,523,1368,3168,101,145,154,78,224,196,279,850,175,259,1078,2576,520,150,123,107,46,58,46,55,38,467,383,1013,787,717,94,85,67,157,111,205,111,127,172,141,306,128,168,115,180,103,83,1070,1128,1740,351,240,318,428,199,238,2201,121,44,42,166,154,67,113,295,127,45,194,16,870,3472,252,307,1232,2930,3662,699,106,147,136,144,68,73,54,57,37,50,774,2511
폭력범죄,상해,127,127,107,79,111,101,121,74,107,72,81,118,74,154,89,125,121,80,172,100,135,106,262,125,102,98,52,106,63,251,148,115,120,104,139,170,95,127,104,127,109,120,204,148,110,211,159,239,110,6,129,27,211,154,242,270,94,202,46,17,62,165,62,127,159,113,115,230,113,87,92,157,100,68,136,142,221,25,80,99,48,84,130,230,57,271,380,338,176,295,100,206,57,52,102,211,45,144,81,130,263,101,36,243,19,44,37,122,65,58,78,146,132,33,36,33,22,19,34,38,18,13,17,30,17,68,402,55,19,36,18,23,81,20,78,14,12,64,81,79,68,73,171,320,15,23,23,26,54,72,49,155,47,39,92,277,69,43,37,32,10,17,7,9,17,126,61,141,186,173,16,16,12,60,32,35,36,21,66,41,47,20,30,20,43,46,20,134,204,181,73,32,56,69,77,62,316,34,22,8,46,38,18,39,57,37,14,30,13,190,360,85,108,204,198,614,151,43,30,27,42,26,32,26,30,15,22,169,272
폭력범죄,폭행,905,1001,1018,548,842,839,913,731,817,467,1076,920,495,1157,790,1278,1092,606,1247,683,1341,1249,2065,1431,893,388,217,387,302,1459,579,459,453,258,669,617,391,655,448,508,380,637,828,516,410,834,837,1059,403,9,501,139,1253,791,1087,1509,644,1286,114,34,406,982,425,797,900,792,776,1330,852,427,402,887,364,374,376,405,2178,90,674,1071,400,460,1129,1153,293,2003,2114,3178,1563,1990,464,1109,481,196,561,1808,215,1321,464,1298,1980,341,588,1981,77,119,193,512,250,141,284,614,713,104,105,43,89,60,76,60,27,56,46,48,102,171,1453,380,52,64,37,58,145,41,191,23,30,144,161,338,151,426,630,1595,73,63,70,33,142,144,111,570,164,165,703,1309,184,149,102,92,26,12,39,35,29,354,240,731,801,758,65,37,32,81,47,86,101,68,104,147,159,56,115,53,102,67,39,528,439,1143,241,73,105,261,146,236,821,51,59,43,72,68,40,52,240,48,46,78,22,564,1034,206,295,787,710,2116,378,92,88,74,62,69,60,36,37,44,34,678,1983
폭력범죄,체포감금,6,8,7,4,4,11,5,5,4,4,5,5,1,10,10,12,5,10,9,8,10,16,26,6,9,2,3,1,2,10,3,4,5,1,13,3,3,7,6,4,2,2,8,4,3,6,2,8,0,0,4,2,22,4,13,24,5,14,3,1,4,8,5,13,15,5,8,7,3,3,2,6,2,4,3,5,23,1,4,4,4,3,14,8,3,18,16,19,18,14,5,8,4,2,3,14,0,10,5,9,19,3,5,8,0,1,3,4,0,0,3,9,4,1,1,1,3,2,0,1,0,0,0,0,1,1,16,1,0,0,0,0,3,0,2,1,0,3,1,1,5,0,10,19,0,4,0,0,1,1,0,6,2,1,5,14,0,5,6,1,0,1,0,0,0,5,3,6,5,3,0,2,0,2,2,0,0,0,1,0,0,0,1,0,1,0,0,3,3,7,1,0,1,4,3,2,8,2,1,0,0,0,0,0,2,0,1,1,0,1,4,2,5,7,5,14,1,0,1,0,2,3,2,0,0,1,0,3,13
폭력범죄,협박,116,131,140,114,137,170,200,131,134,74,198,170,114,163,173,256,213,155,218,130,237,220,366,269,149,56,63,61,64,215,99,127,84,89,148,141,104,87,92,119,87,72,197,114,55,158,138,232,77,2,104,25,216,115,218,239,97,308,28,13,47,141,65,154,151,150,119,235,131,80,76,125,68,84,67,99,397,25,118,220,70,106,216,258,56,431,437,574,375,347,80,229,102,78,97,312,61,213,89,282,278,79,113,380,30,22,52,99,39,36,65,145,143,13,24,22,32,16,28,19,6,6,11,8,14,41,295,95,15,27,10,13,39,14,68,6,7,60,55,82,38,77,122,342,17,21,32,13,31,21,34,121,39,31,78,237,30,42,13,22,8,3,7,10,9,61,63,143,166,137,21,16,9,24,14,10,17,28,18,24,40,13,22,14,26,21,13,123,104,150,59,18,33,78,26,58,131,23,12,9,14,19,13,19,57,14,6,12,5,131,191,55,54,141,132,343,73,19,23,20,22,13,10,11,12,10,7,155,335
폭력범죄,약취 유인,2,4,0,3,1,4,4,0,3,2,4,2,1,1,3,4,4,2,2,2,4,6,5,4,0,0,0,1,1,3,2,1,0,0,2,2,3,1,1,2,0,0,3,2,1,2,1,4,0,1,1,0,5,3,1,5,1,6,0,0,0,2,2,2,3,1,1,5,3,0,1,3,2,3,1,0,7,0,0,1,0,1,2,4,3,8,3,9,2,3,2,3,2,0,6,19,0,4,2,2,2,1,2,7,1,0,1,0,1,0,0,4,2,0,0,0,1,0,0,0,0,0,0,1,0,1,5,1,1,0,0,0,0,0,0,0,1,0,0,0,0,1,2,7,0,1,0,0,0,0,0,1,0,1,3,4,0,3,0,1,0,0,0,0,0,2,0,3,0,1,1,1,0,0,0,0,0,0,0,0,2,0,1,0,0,0,0,3,0,3,0,0,0,2,0,1,5,0,0,0,0,1,0,0,1,0,0,1,0,1,2,0,1,2,1,4,0,0,0,0,1,0,1,0,0,0,0,2,6
폭력범죄,폭력행위등,32,40,35,12,44,29,36,30,55,19,28,37,32,52,39,68,48,32,71,17,74,52,83,45,34,22,12,18,12,125,40,26,31,16,43,35,22,32,27,25,28,41,48,26,11,33,37,74,16,1,35,3,89,47,115,77,71,129,21,1,32,43,8,46,49,31,32,69,41,22,36,64,26,30,32,48,91,20,19,41,15,27,67,70,16,91,89,128,105,157,21,70,26,13,47,92,8,60,32,42,91,28,24,77,1,10,10,48,16,8,17,63,35,4,10,2,2,2,8,2,3,2,1,6,6,15,109,18,3,2,2,6,32,1,24,6,1,15,15,29,25,26,67,133,4,7,6,2,11,13,14,44,10,7,59,133,22,13,6,8,1,1,0,0,0,37,12,63,65,53,3,6,0,2,2,7,2,2,10,3,15,1,7,1,5,10,3,35,37,62,18,11,8,8,6,9,81,3,5,0,11,1,1,1,18,1,1,2,1,27,61,13,13,55,31,133,34,5,8,6,6,1,9,3,3,3,1,42,87
폭력범죄,공갈,37,24,50,34,45,53,39,43,62,29,35,34,68,46,23,63,47,21,33,55,49,88,107,104,33,12,25,17,19,53,98,40,57,27,62,31,39,39,23,31,36,20,28,22,14,21,31,43,18,1,40,9,90,61,111,86,70,110,22,8,15,36,13,41,45,49,27,69,56,28,18,54,29,25,47,38,73,8,35,25,14,28,66,63,10,105,92,199,54,74,19,60,26,19,48,134,23,78,23,36,117,12,33,142,14,8,15,19,7,4,8,30,52,3,8,2,0,3,7,3,8,3,17,3,3,7,157,16,2,9,2,1,22,6,19,6,4,12,12,27,9,24,33,103,7,7,7,4,13,6,9,53,14,6,41,152,12,24,5,3,2,0,3,2,0,16,17,35,42,53,2,4,0,5,2,4,4,5,7,6,17,4,6,0,6,5,1,22,21,66,14,8,7,14,14,8,54,1,3,1,8,2,1,0,13,3,2,0,0,23,60,19,10,39,65,96,19,5,11,3,4,10,2,3,4,3,2,26,80
